Group Name,State,Hate Type
211 Bootboys,virginia,General Hate
211 Bootboys,new york,General Hate
A Voice For Men,texas,Male Supremacy
AC Skins,new jersey,Racist Skinhead
ACT for America,florida,Anti-Muslim
ACT for America,montana,Anti-Muslim
ACT for America,new york,Anti-Muslim
ACT for America,oklahoma,Anti-Muslim
ACT for America,washington,Anti-Muslim
ACT for America,texas,Anti-Muslim
ACT for America,louisiana,Anti-Muslim
ACT for America,delaware,Anti-Muslim
ACT for America,massachusetts,Anti-Muslim
ACT for America,california,Anti-Muslim
ACT for America,connecticut,Anti-Muslim
ACT for America,ohio,Anti-Muslim
ACT for America,ohio,Anti-Muslim
ACT for America,ohio,Anti-Muslim
ACT for America,california,Anti-Muslim
ACT for America,colorado,Anti-Muslim
ACT for America,iowa,Anti-Muslim
ACT for America,illinois,Anti-Muslim
ACT for America,indiana,Anti-Muslim
ACT for America,north carolina,Anti-Muslim
ACT for America,florida,Anti-Muslim
ACT for America,texas,Anti-Muslim
ACT for America,florida,Anti-Muslim
ACT for America,arkansas,Anti-Muslim
ACT for America,montana,Anti-Muslim
ACT for America,missouri,Anti-Muslim
ACT for America,tennessee,Anti-Muslim
ACT for America,indiana,Anti-Muslim
ACT for America,california,Anti-Muslim
ACT for America,virginia,Anti-Muslim
ACT for America,texas,Anti-Muslim
ACT for America,california,Anti-Muslim
ACT for America,tennessee,Anti-Muslim
ACT for America,idaho,Anti-Muslim
ACT for America,minnesota,Anti-Muslim
ACT for America,california,Anti-Muslim
ACT for America,new hampshire,Anti-Muslim
ACT for America,south dakota,Anti-Muslim
ACT for America,california,Anti-Muslim
ACT for America,oregon,Anti-Muslim
ACT for America,washington,Anti-Muslim
ACT for America,missouri,Anti-Muslim
ACT for America,indiana,Anti-Muslim
ACT for America,arizona,Anti-Muslim
ACT for America,virginia,Anti-Muslim
ACT for America,district of columbia,Anti-Muslim
ACT for America,montana,Anti-Muslim
ACTBAC NC,north carolina,Neo-Confederate
ATLAH World Missionary Church (All The Land Anointed Holy),new york,Anti-LGBT
Abiding Truth Ministries,massachusetts,Anti-LGBT
Aggressive Christianity,new mexico,General Hate
All Eyes on Egipt Bookstore ,illinois,Black Nationalist
All Eyes on Egipt Bookstore,new york,Black Nationalist
All Eyes on Egipt Bookstore,ohio,Black Nationalist
All Eyes on Egipt Bookstore,georgia,Black Nationalist
All Eyes on Egipt Bookstore,michigan,Black Nationalist
All Eyes on Egipt Bookstore,georgia,Black Nationalist
All Eyes on Egipt Bookstore,new jersey,Black Nationalist
All Eyes on Egipt Bookstore,florida,Black Nationalist
Alliance Defending Freedom,arizona,Anti-LGBT
AltRight Corporation,virginia,White Nationalist
Alternative Right,georgia,White Nationalist
Ambassadors of Christ,new york,Black Nationalist
America First Committee,illinois,Neo-Nazi
America's Promise Ministries,idaho,Christian Identity
American Border Patrol,arizona,Anti-Immigrant
American Children First,california,Anti-Immigrant
American Christian Dixie Knights of the Ku Klux Klan,alabama,Ku Klux Klan
American Clarion,south dakota,General Hate
American College of Pediatricians,florida,Anti-LGBT
American Confederate Knights of the Ku Klux Klan,tennessee,Ku Klux Klan
American Defense Records,pennsylvania,Hate Music
American Family Association,pennsylvania,Anti-LGBT
American Family Association,mississippi,Anti-LGBT
American Free Press,maryland,General Hate
American Freedom Alliance,california,Anti-Muslim
American Freedom Defense Initiative,new york,Anti-Muslim
American Freedom Law Center,michigan,Anti-Muslim
American Freedom Party,indiana,White Nationalist
American Freedom Party,montana,White Nationalist
American Freedom Party,new york,White Nationalist
American Freedom Party,north dakota,White Nationalist
American Freedom Party,texas,White Nationalist
American Freedom Party,california,White Nationalist
American Freedom Party,new york,White Nationalist
American Freedom Union,pennsylvania,White Nationalist
American Front,oregon,Racist Skinhead
American Front,washington,Racist Skinhead
American Guard,connecticut,General Hate
American Guard,florida,General Hate
American Guard,georgia,General Hate
American Guard,illinois,General Hate
American Guard,indiana,General Hate
American Guard,michigan,General Hate
American Guard,missouri,General Hate
American Guard,north carolina,General Hate
American Guard,pennsylvania,General Hate
American Guard,texas,General Hate
American Immigration Control Foundation/Americans for Immigration Control,virginia,Anti-Immigrant
American Nazi Party,california,Neo-Nazi
American Nazi Party,michigan,Neo-Nazi
American Patriot Brigade,oregon,Racist Skinhead
American Public Policy Alliance,district of columbia,Anti-Muslim
American Renaissance/New Century Foundation,virginia,White Nationalist
American Security Rally of Montana,montana,Anti-Muslim
American Vikings,indiana,Racist Skinhead
American Vision,georgia,Anti-LGBT
Americans for America,colorado,Anti-Muslim
Americans for Legal Immigration (ALIPAC),north carolina,Anti-Immigrant
Americans for Truth About Homosexuality,illinois,Anti-LGBT
Ancient Egyptian Distribution Company,new jersey,Black Nationalist
Army of Israel,ohio,Black Nationalist
Aryan Nations Sadistic Souls MC,ohio,Neo-Nazi
Aryan Nations Sadistic Souls MC,oklahoma,Neo-Nazi
Aryan Nations Sadistic Souls MC,tennessee,Neo-Nazi
Aryan Nations Sadistic Souls MC,wisconsin,Neo-Nazi
Aryan Nations Sadistic Souls MC,illinois,Neo-Nazi
Aryan Nations Sadistic Souls MC,missouri,Neo-Nazi
Aryan Nations Sadistic Souls MC,illinois,Neo-Nazi
Aryan Nations Worldwide,georgia,Neo-Nazi
Aryan Renaissance Society,new york,Neo-Nazi
Aryan Renaissance Society,texas,Neo-Nazi
Aryan Strikeforce,arkansas,Racist Skinhead
Aryan Strikeforce,new york,Racist Skinhead
Aryan Strikeforce,pennsylvania,Racist Skinhead
Aryan Strikeforce,virginia,Racist Skinhead
Aryan Strikeforce,new jersey,Racist Skinhead
As-Sabiqun,district of columbia,General Hate
Asatru Folk Assembly,alaska,Neo-Volkisch
Asatru Folk Assembly,california,Neo-Volkisch
Asatru Folk Assembly,georgia,Neo-Volkisch
Asatru Folk Assembly,minnesota,Neo-Volkisch
Asatru Folk Assembly,north dakota,Neo-Volkisch
Asatru Folk Assembly,ohio,Neo-Volkisch
Asatru Folk Assembly,pennsylvania,Neo-Volkisch
Asatru Folk Assembly,south carolina,Neo-Volkisch
Asatru Folk Assembly,virginia,Neo-Volkisch
Asatru Folk Assembly,west virginia,Neo-Volkisch
Asatru Folk Assembly,california,Neo-Volkisch
Atomwaffen Division,florida,Neo-Nazi
Auburn White Student Union,alabama,White Nationalist
"Barnes Review/Foundation for Economic Liberty, Inc.",maryland,Holocaust Denial
Be Active Front USA,maryland,Racist Skinhead
Be Active Front USA,pennsylvania,Racist Skinhead
Behold Barbarity Records & Distro,minnesota,Hate Music
Bible Believers Fellowship,ohio,Anti-LGBT
Bill Keller Ministries,florida,General Hate
Black Riders Liberation Party,texas,Black Nationalist
Black Riders Liberation Party,nevada,Black Nationalist
Black Riders Liberation Party,california,Black Nationalist
Black Riders Liberation Party,new york,Black Nationalist
Black Riders Liberation Party,california,Black Nationalist
Black Riders Liberation Party,oregon,Black Nationalist
Blood and Honour America Division,california,Racist Skinhead
Blood and Honour Social Club,georgia,Racist Skinhead
Blood and Honour Social Club,indiana,Racist Skinhead
Blood and Honour Social Club,new york,Racist Skinhead
Blood and Honour Social Club,north carolina,Racist Skinhead
Blood and Honour Social Club,pennsylvania,Racist Skinhead
Blood and Honour Social Club,virginia,Racist Skinhead
Blood and Honour U.S.A,north carolina,Racist Skinhead
Bob's Underground Graduate Seminar/BUGS,south carolina,White Nationalist
Bomb Islam,arizona,Anti-Muslim
Borderkeepers of Alabama,alabama,Anti-Immigrant
Bureau on American Islamic Relations,texas,Anti-Muslim
California Skinheads,california,Racist Skinhead
Californians for Population Stabilization,california,Anti-Immigrant
Campaign for Radical Truth in History,idaho,Holocaust Denial
"Catholic Family News/Catholic Family Ministries, Inc.",new york,Radical Traditional Catholicism
Center for Family and Human Rights (C-FAM),new york,Anti-LGBT
Center for Family and Human Rights (C-FAM),district of columbia,Anti-LGBT
Center for Immigration Studies,district of columbia,Anti-Immigrant
Center for Security Policy,district of columbia,Anti-Muslim
Chalcedon Foundation,california,Anti-LGBT
Chick Publications,california,General Hate
Christ or Chaos,ohio,Radical Traditional Catholicism
Christian Action Network,virginia,Anti-Muslim
Christian America Ministries,louisiana,Christian Identity
Christian Civil Rights Watch,colorado,Anti-LGBT
Christian Revival Center,arkansas,Christian Identity
Christians and Jews United for Israel,new hampshire,Anti-Muslim
Church of Israel,missouri,Christian Identity
Church of the American Christian Knights,mississippi,Ku Klux Klan
Church of the National Knights of the Ku Klux Klan ,new york,Ku Klux Klan
Church of the National Knights of the Ku Klux Klan,kentucky,Ku Klux Klan
Citizens for National Security,florida,Anti-Muslim
Citizens for the St. Croix Valley,wisconsin,Anti-Muslim
Citizens' Action Group of South Florida,florida,Anti-Muslim
Clarion Project,district of columbia,Anti-Muslim
Colorado Alliance for Immigration Reform,colorado,Anti-Immigrant
Committee for Open Debate on the Holocaust,california,Holocaust Denial
Committee for Open Debate on the Holocaust,pennsylvania,Holocaust Denial
Committee to End the CSI Refugee Center,idaho,Anti-Muslim
Concerned Citizens and Friends of Illegal Immigration Law Enforcement,massachusetts,General Hate
Confederate 28,indiana,Racist Skinhead
Confederate 28,tennessee,Racist Skinhead
Confederate Hammerskins,florida,Racist Skinhead
Confederate Hammerskins,georgia,Racist Skinhead
Confederate Hammerskins,north carolina,Racist Skinhead
Confederate Hammerskins,tennessee,Racist Skinhead
Confederate Hammerskins,virginia,Racist Skinhead
Confederate White Knights of the Ku Klux Klan ,virginia,Ku Klux Klan
Confederate White Knights of the Ku Klux Klan ,missouri,Ku Klux Klan
Confederate White Knights of the Ku Klux Klan ,north carolina,Ku Klux Klan
Confederate White Knights of the Ku Klux Klan,indiana,Ku Klux Klan
Confederate White Knights of the Ku Klux Klan,maryland,Ku Klux Klan
"Conservative Citizens Foundation, Inc.",missouri,White Nationalist
Conservative Forum of Silicon Valley,california,Anti-Muslim
Conservative Republicans of Texas,texas,Anti-LGBT
Council of Conservative Citizens,maryland,White Nationalist
Council of Conservative Citizens,missouri,White Nationalist
Counter Jihad Coalition,california,Anti-Muslim
Counter Terrorism Cell,nevada,Anti-Muslim
Counter-Currents Publishing,new york,White Nationalist
Counter-Currents Publishing,california,White Nationalist
Counter-Currents Publishing,washington,White Nationalist
Counter.Fund,pennsylvania,White Nationalist
Covenant Nation Church of the Lord Jesus Christ,alabama,Christian Identity
Covenant People's Ministry,georgia,Christian Identity
Creativity Movement,illinois,Neo-Nazi
Creativity Movement,michigan,Neo-Nazi
Creativity Movement,ohio,Neo-Nazi
Creativity Movement,illinois,Neo-Nazi
Creativity Movement,south dakota,Neo-Nazi
Crew 38,california,Racist Skinhead
Crew 38,florida,Racist Skinhead
Crew 38,georgia,Racist Skinhead
Crew 38,idaho,Racist Skinhead
Crew 38,maine,Racist Skinhead
Crew 38,new hampshire,Racist Skinhead
Crew 38,north carolina,Racist Skinhead
Crew 38,oregon,Racist Skinhead
Crew 38,pennsylvania,Racist Skinhead
Crew 38,tennessee,Racist Skinhead
Crew 38,virginia,Racist Skinhead
Crew 38,washington,Racist Skinhead
Cultural Studies Press,new york,General Hate
Culture Wars/Fidelity Press,indiana,Radical Traditional Catholicism
Cultures In Context Incorporated/Turning Point Project,florida,Anti-Muslim
Cumberland Conservatives,north carolina,Anti-Muslim
D. James Kennedy Ministries (formerly Truth in Action),florida,Anti-LGBT
David Horowitz Freedom Center,california,Anti-Muslim
Deir Yassin Remembered,michigan,Holocaust Denial
Deir Yassin Remembered,new york,Holocaust Denial
Die Auserwahlten,louisiana,Racist Skinhead
Divine International Church of the Web,illinois,Christian Identity
Divine Truth Ministries ,ohio,Christian Identity
Divine Truth Ministries,arkansas,Christian Identity
Dixie Republic,south carolina,Neo-Confederate
East Coast Knights of the True Invisible Empire ,north carolina,Ku Klux Klan
East Coast Knights of the True Invisible Empire,pennsylvania,Ku Klux Klan
East Coast Knights of the True Invisible Empire,maryland,Ku Klux Klan
Eastern Hammerskins,new hampshire,Racist Skinhead
Elegy Records,new jersey,Hate Music
Endangered Souls RC/Crew 519,florida,Neo-Nazi
Endangered Souls RC/Crew 519,georgia,Neo-Nazi
Endangered Souls RC/Crew 519,idaho,Neo-Nazi
Euro Folk Radio,illinois,Christian Identity
European-American Evangelistic Crusades,california,General Hate
Exalted Knights of the Ku Klux Klan,alabama,Ku Klux Klan
Exalted Knights of the Ku Klux Klan,tennessee,Ku Klux Klan
Faith Leaders for America,district of columbia,Anti-Muslim
Faith and Heritage,texas,White Nationalist
Faith2Action,ohio,Anti-LGBT
Faithful Word Baptist Church,arizona,Anti-LGBT
Family Research Council,district of columbia,Anti-LGBT
Family Research Institute,colorado,Anti-LGBT
Family Security Matters,district of columbia,Anti-Muslim
Family Watch International,arizona,Anti-LGBT
Federation for American Immigration Reform,district of columbia,Anti-Immigrant
Fellowship of God's Covenant People,kentucky,Christian Identity
Firm 22,florida,Racist Skinhead
Firm 22,indiana,Racist Skinhead
Firm 22,missouri,Racist Skinhead
Firm 22,new hampshire,Racist Skinhead
Firm 22,new york,Racist Skinhead
Firm 22,washington,Racist Skinhead
Florida Family Association,florida,Anti-Muslim
Folkgard of Holda & Odin,arizona,Neo-Volkisch
Fortress of Faith,washington,Anti-Muslim
Forza Nuova,new jersey,White Nationalist
Forza Nuova,arizona,White Nationalist
Foundation for Advocating Christian Truth,new york,Anti-Muslim
Foundation for the Marketplace of Ideas,michigan,White Nationalist
Fraternal Order of Alt-Knights,california,General Hate
Fraternal Order of Alt-Knights,florida,General Hate
Fraternal Order of Alt-Knights,indiana,General Hate
Free American,arizona,White Nationalist
Fundamentalist Latter Day Saints,south dakota,General Hate
Fundamentalist Latter Day Saints,arizona,General Hate
Fundamentalist Latter Day Saints,utah,General Hate
G416 Patriots,texas,Anti-Muslim
Gallows Tree Wotansvolk Alliance,florida,Neo-Volkisch
Gallows Tree Wotansvolk Alliance,indiana,Neo-Volkisch
Gallows Tree Wotansvolk Alliance,iowa,Neo-Volkisch
Gallows Tree Wotansvolk Alliance,minnesota,Neo-Volkisch
Gallows Tree Wotansvolk Alliance,rhode island,Neo-Volkisch
Gallows Tree Wotansvolk Alliance,texas,Neo-Volkisch
Gallows Tree Wotansvolk Alliance,michigan,Neo-Volkisch
Generations With Vision,colorado,Anti-LGBT
Global Crusaders: Order of the Ku Klux Klan,alabama,Ku Klux Klan
Global Crusaders: Order of the Ku Klux Klan,florida,Ku Klux Klan
Global Faith Institute,nebraska,Anti-Muslim
Golden Dawn,new york,Neo-Nazi
Golden State Skinheads,colorado,Racist Skinhead
Golden State Skinheads,california,Racist Skinhead
Golden State Skinheads,california,Racist Skinhead
Golden-State 45/Kindred 45,california,Racist Skinhead
Golden-State 45/Kindred 45,california,Racist Skinhead
GoyFundMe,indiana,White Nationalist
Great Millstone,mississippi,Black Nationalist
Great Millstone,nebraska,Black Nationalist
Great Millstone,wisconsin,Black Nationalist
Great Millstone,georgia,Black Nationalist
Great Millstone,maryland,Black Nationalist
Great Millstone,alabama,Black Nationalist
Great Millstone,north carolina,Black Nationalist
Great Millstone,illinois,Black Nationalist
Great Millstone,ohio,Black Nationalist
Great Millstone,texas,Black Nationalist
Great Millstone,iowa,Black Nationalist
Great Millstone,michigan,Black Nationalist
Great Millstone,texas,Black Nationalist
Great Millstone,nevada,Black Nationalist
Great Millstone,california,Black Nationalist
Great Millstone,tennessee,Black Nationalist
Great Millstone,florida,Black Nationalist
Great Millstone,new york,Black Nationalist
Great Millstone,texas,Black Nationalist
Great Millstone,florida,Black Nationalist
H.L. Mencken Club,pennsylvania,White Nationalist
Hatreon,texas,General Hate
Heterosexuals Organized for a Moral Environment (H.O.M.E.),illinois,Anti-LGBT
Hoosier Headhunters Fight Club,indiana,Neo-Volkisch
Hostile Class Productions,illinois,Hate Music
House of David Camp,new york,Black Nationalist
House of Israel,new york,Black Nationalist
IHM Media,new hampshire,Radical Traditional Catholicism
IHS Press,texas,Radical Traditional Catholicism
ISD Records,texas,Hate Music
Identity Dixie,georgia,Neo-Confederate
Identity Dixie,virginia,Neo-Confederate
Identity Dixie,florida,Neo-Confederate
Identity Dixie,north carolina,Neo-Confederate
Identity Dixie,tennessee,Neo-Confederate
Identity Evropa,arizona,White Nationalist
Identity Evropa,florida,White Nationalist
Identity Evropa,maryland,White Nationalist
Identity Evropa,michigan,White Nationalist
Identity Evropa,minnesota,White Nationalist
Identity Evropa,new jersey,White Nationalist
Identity Evropa,new york,White Nationalist
Identity Evropa,oregon,White Nationalist
Identity Evropa,pennsylvania,White Nationalist
Identity Evropa,tennessee,White Nationalist
Identity Evropa,virginia,White Nationalist
Identity Evropa,georgia,White Nationalist
Identity Evropa,north carolina,White Nationalist
Identity Evropa,colorado,White Nationalist
Identity Evropa,california,White Nationalist
Illinois Family Institute,illinois,Anti-LGBT
Illinois Family Institute,illinois,Anti-LGBT
Immigration Reform Law Institute ,district of columbia,Anti-Immigrant
In the Spirit of Chartres Committee,virginia,Radical Traditional Catholicism
Insight USA,florida,General Hate
Institute for Historical Review,california,Holocaust Denial
International Keystone Knights of the Ku Klux Klan ,georgia,Ku Klux Klan
International Keystone Knights of the Ku Klux Klan ,arkansas,Ku Klux Klan
International Keystone Knights of the Ku Klux Klan,mississippi,Ku Klux Klan
Irving Books,florida,Holocaust Denial
Israel United In Christ,georgia,Black Nationalist
Israel United In Christ,texas,Black Nationalist
Israel United In Christ,massachusetts,Black Nationalist
Israel United In Christ,alabama,Black Nationalist
Israel United In Christ,illinois,Black Nationalist
Israel United In Christ,texas,Black Nationalist
Israel United In Christ,texas,Black Nationalist
Israel United In Christ,colorado,Black Nationalist
Israel United In Christ,michigan,Black Nationalist
Israel United In Christ,virginia,Black Nationalist
Israel United In Christ,ohio,Black Nationalist
Israel United In Christ,texas,Black Nationalist
Israel United In Christ,kansas,Black Nationalist
Israel United In Christ,nevada,Black Nationalist
Israel United In Christ,california,Black Nationalist
Israel United In Christ,kentucky,Black Nationalist
Israel United In Christ,tennessee,Black Nationalist
Israel United In Christ,florida,Black Nationalist
Israel United In Christ,new york,Black Nationalist
Israel United In Christ,louisiana,Black Nationalist
Israel United In Christ,new jersey,Black Nationalist
Israel United In Christ,florida,Black Nationalist
Israel United In Christ,arizona,Black Nationalist
Israel United In Christ,pennsylvania,Black Nationalist
Israel United In Christ,texas,Black Nationalist
Israel United In Christ,georgia,Black Nationalist
Israel United In Christ,missouri,Black Nationalist
Israel United In Christ,florida,Black Nationalist
Israel United In Christ,district of columbia,Black Nationalist
Israel United in Christ,north carolina,Black Nationalist
Israel United in Christ,alabama,Black Nationalist
Israel United in Christ,oklahoma,Black Nationalist
Israel United in Christ,oklahoma,Black Nationalist
Israel United in Christ,washington,Black Nationalist
Israelite Church of God in Jesus Christ,pennsylvania,Black Nationalist
Israelite Church of God in Jesus Christ,maryland,Black Nationalist
Israelite Church of God in Jesus Christ,connecticut,Black Nationalist
Israelite Church of God in Jesus Christ,north carolina,Black Nationalist
Israelite Church of God in Jesus Christ,minnesota,Black Nationalist
Israelite Church of God in Jesus Christ,new york,Black Nationalist
Israelite Church of God in Jesus Christ,nebraska,Black Nationalist
Israelite Church of God in Jesus Christ,florida,Black Nationalist
Israelite Church of God in Jesus Christ,pennsylvania,Black Nationalist
Israelite Church of God in Jesus Christ,pennsylvania,Black Nationalist
Israelite Church of God in Jesus Christ,oregon,Black Nationalist
Israelite Church of God in Jesus Christ,district of columbia,Black Nationalist
Israelite Church of God in Jesus Christ,florida,Black Nationalist
Israelite School of Universal Practical Knowledge,louisiana,Black Nationalist
Israelite School of Universal Practical Knowledge,north carolina,Black Nationalist
Israelite School of Universal Practical Knowledge,georgia,Black Nationalist
Israelite School of Universal Practical Knowledge,maryland,Black Nationalist
Israelite School of Universal Practical Knowledge,illinois,Black Nationalist
Israelite School of Universal Practical Knowledge,texas,Black Nationalist
Israelite School of Universal Practical Knowledge,michigan,Black Nationalist
Israelite School of Universal Practical Knowledge,california,Black Nationalist
Israelite School of Universal Practical Knowledge,south carolina,Black Nationalist
Israelite School of Universal Practical Knowledge,new york,Black Nationalist
Israelite School of Universal Practical Knowledge,hawaii,Black Nationalist
Israelite School of Universal Practical Knowledge,texas,Black Nationalist
Israelite School of Universal Practical Knowledge,indiana,Black Nationalist
Israelite School of Universal Practical Knowledge,florida,Black Nationalist
Israelite School of Universal Practical Knowledge,missouri,Black Nationalist
Israelite School of Universal Practical Knowledge,california,Black Nationalist
Israelite School of Universal Practical Knowledge,kentucky,Black Nationalist
Israelite School of Universal Practical Knowledge,massachusetts,Black Nationalist
Israelite School of Universal Practical Knowledge,minnesota,Black Nationalist
Israelite School of Universal Practical Knowledge,tennessee,Black Nationalist
Israelite School of Universal Practical Knowledge,oklahoma,Black Nationalist
Israelite School of Universal Practical Knowledge,pennsylvania,Black Nationalist
Israelite School of Universal Practical Knowledge,oregon,Black Nationalist
Israelite School of Universal Practical Knowledge,washington,Black Nationalist
Israelite School of Universal Practical Knowledge,missouri,Black Nationalist
Israelite School of Universal Practical Knowledge,new york,Black Nationalist
Israelite School of Universal Practical Knowledge,florida,Black Nationalist
Israelite School of Universal Practical Knowledge,district of columbia,Black Nationalist
Jamaat al-Muslimeen,maryland,General Hate
Jewish Defense League,new york,General Hate
Jewish Defense League,illinois,General Hate
Jewish Defense League,california,General Hate
Jewish Task Force,new york,General Hate
Jihad Watch,california,Anti-Muslim
Keep South Dakota Safe PAC,south dakota,Anti-Muslim
Keystone United,pennsylvania,Racist Skinhead
Keystone United,pennsylvania,Racist Skinhead
Kingdom Identity Ministries,arkansas,Christian Identity
Kingston Group,utah,General Hate
Knights of the Ku Klux Klan,arkansas,Ku Klux Klan
Knights of the White Disciples,florida,Ku Klux Klan
Ku Klos Knights of the Ku Klux Klan ,ohio,Ku Klux Klan
Ku Klos Knights of the Ku Klux Klan ,tennessee,Ku Klux Klan
Ku Klos Knights of the Ku Klux Klan,indiana,Ku Klux Klan
Ku Klos Knights of the Ku Klux Klan,tennessee,Ku Klux Klan
Ku Klos Knights of the Ku Klux Klan,illinois,Ku Klux Klan
Label 56,maryland,Hate Music
Last Frontier Evangelism - Repent Alaska,alaska,General Hate
League of the South,florida,Neo-Confederate
League of the South,virginia,Neo-Confederate
League of the South,alabama,Neo-Confederate
League of the South,florida,Neo-Confederate
League of the South,arkansas,Neo-Confederate
League of the South,florida,Neo-Confederate
League of the South,mississippi,Neo-Confederate
League of the South,mississippi,Neo-Confederate
League of the South,florida,Neo-Confederate
League of the South,tennessee,Neo-Confederate
League of the South,alabama,Neo-Confederate
League of the South,tennessee,Neo-Confederate
League of the South,florida,Neo-Confederate
League of the South,tennessee,Neo-Confederate
League of the South,tennessee,Neo-Confederate
League of the South,texas,Neo-Confederate
League of the South,kentucky,Neo-Confederate
League of the South,alabama,Neo-Confederate
League of the South,texas,Neo-Confederate
League of the South,alabama,Neo-Confederate
League of the South,alabama,Neo-Confederate
Legal Immigrants for America,florida,Anti-Immigrant
Liberty Counsel,florida,Anti-LGBT
Lincoln County Citizen Action Network ,tennessee,Anti-Muslim
Lions of Israel,new york,Black Nationalist
Lordship Church,idaho,General Hate
Loyal White Knights of the Ku Klux Klan,colorado,Ku Klux Klan
Loyal White Knights of the Ku Klux Klan,georgia,Ku Klux Klan
Loyal White Knights of the Ku Klux Klan,maryland,Ku Klux Klan
Loyal White Knights of the Ku Klux Klan,mississippi,Ku Klux Klan
Loyal White Knights of the Ku Klux Klan,south carolina,Ku Klux Klan
Loyal White Knights of the Ku Klux Klan,tennessee,Ku Klux Klan
Loyal White Knights of the Ku Klux Klan,california,Ku Klux Klan
Loyal White Knights of the Ku Klux Klan,colorado,Ku Klux Klan
Loyal White Knights of the Ku Klux Klan,ohio,Ku Klux Klan
Loyal White Knights of the Ku Klux Klan,new york,Ku Klux Klan
Loyal White Knights of the Ku Klux Klan,texas,Ku Klux Klan
Loyal White Knights of the Ku Klux Klan,florida,Ku Klux Klan
Loyal White Knights of the Ku Klux Klan,north carolina,Ku Klux Klan
Loyal White Knights of the Ku Klux Klan,north carolina,Ku Klux Klan
Loyal White Knights of the Ku Klux Klan,virginia,Ku Klux Klan
Loyal White Knights of the Ku Klux Klan,ohio,Ku Klux Klan
Loyal White Knights of the Ku Klux Klan,pennsylvania,Ku Klux Klan
MSR Productions,colorado,Hate Music
Mary Noel Kershaw Foundation,tennessee,Neo-Confederate
Maryland State Skinheads,maryland,Racist Skinhead
Masjid al Islam ,district of columbia,General Hate
Mass Resistance,colorado,Anti-LGBT
Mass Resistance,texas,Anti-LGBT
Mass Resistance,missouri,Anti-LGBT
Mass Resistance,california,Anti-LGBT
Mass Resistance,massachusetts,Anti-LGBT
Micetrap Distribution,new jersey,Hate Music
Michiganders for Immigration Control and Enforcement,michigan,Anti-Immigrant
Midland Hammerskins,kansas,Racist Skinhead
Mission to Israel,nebraska,Christian Identity
Mission: America,ohio,Anti-LGBT
Mississippi White Knights of the Ku Klux Klan,mississippi,Ku Klux Klan
NS Publications,michigan,Neo-Nazi
NSM88 Records,michigan,Hate Music
Nation OF KINGS AND PRIESTS,florida,Black Nationalist
Nation of Islam,ohio,Black Nationalist
Nation of Islam,georgia,Black Nationalist
Nation of Islam,georgia,Black Nationalist
Nation of Islam,texas,Black Nationalist
Nation of Islam,maryland,Black Nationalist
Nation of Islam,louisiana,Black Nationalist
Nation of Islam,michigan,Black Nationalist
Nation of Islam,alabama,Black Nationalist
Nation of Islam,new york,Black Nationalist
Nation of Islam,georgia,Black Nationalist
Nation of Islam,new york,Black Nationalist
Nation of Islam,new jersey,Black Nationalist
Nation of Islam,south carolina,Black Nationalist
Nation of Islam,north carolina,Black Nationalist
Nation of Islam,tennessee,Black Nationalist
Nation of Islam,illinois,Black Nationalist
Nation of Islam,ohio,Black Nationalist
Nation of Islam,south carolina,Black Nationalist
Nation of Islam,california,Black Nationalist
Nation of Islam,texas,Black Nationalist
Nation of Islam,ohio,Black Nationalist
Nation of Islam,colorado,Black Nationalist
Nation of Islam,michigan,Black Nationalist
Nation of Islam,massachusetts,Black Nationalist
Nation of Islam,north carolina,Black Nationalist
Nation of Islam,illinois,Black Nationalist
Nation of Islam,florida,Black Nationalist
Nation of Islam,texas,Black Nationalist
Nation of Islam,michigan,Black Nationalist
Nation of Islam,north carolina,Black Nationalist
Nation of Islam,south carolina,Black Nationalist
Nation of Islam,new york,Black Nationalist
Nation of Islam,pennsylvania,Black Nationalist
Nation of Islam,mississippi,Black Nationalist
Nation of Islam,texas,Black Nationalist
Nation of Islam,indiana,Black Nationalist
Nation of Islam,florida,Black Nationalist
Nation of Islam,missouri,Black Nationalist
Nation of Islam,kentucky,Black Nationalist
Nation of Islam,arkansas,Black Nationalist
Nation of Islam,california,Black Nationalist
Nation of Islam,kentucky,Black Nationalist
Nation of Islam,tennessee,Black Nationalist
Nation of Islam,florida,Black Nationalist
Nation of Islam,wisconsin,Black Nationalist
Nation of Islam,alabama,Black Nationalist
Nation of Islam,louisiana,Black Nationalist
Nation of Islam,alabama,Black Nationalist
Nation of Islam,new jersey,Black Nationalist
Nation of Islam,louisiana,Black Nationalist
Nation of Islam,new jersey,Black Nationalist
Nation of Islam,virginia,Black Nationalist
Nation of Islam,california,Black Nationalist
Nation of Islam,oklahoma,Black Nationalist
Nation of Islam,florida,Black Nationalist
Nation of Islam,pennsylvania,Black Nationalist
Nation of Islam,arizona,Black Nationalist
Nation of Islam,arkansas,Black Nationalist
Nation of Islam,florida,Black Nationalist
Nation of Islam,new jersey,Black Nationalist
Nation of Islam,north carolina,Black Nationalist
Nation of Islam,california,Black Nationalist
Nation of Islam,virginia,Black Nationalist
Nation of Islam,new york,Black Nationalist
Nation of Islam,illinois,Black Nationalist
Nation of Islam,florida,Black Nationalist
Nation of Islam,texas,Black Nationalist
Nation of Islam,california,Black Nationalist
Nation of Islam,washington,Black Nationalist
Nation of Islam,louisiana,Black Nationalist
Nation of Islam,mississippi,Black Nationalist
Nation of Islam,massachusetts,Black Nationalist
Nation of Islam,missouri,Black Nationalist
Nation of Islam,california,Black Nationalist
Nation of Islam,georgia,Black Nationalist
Nation of Islam,florida,Black Nationalist
Nation of Islam,ohio,Black Nationalist
Nation of Islam,new jersey,Black Nationalist
Nation of Islam,arizona,Black Nationalist
Nation of Islam,oklahoma,Black Nationalist
Nation of Islam,district of columbia,Black Nationalist
Nation of Islam,pennsylvania,Black Nationalist
Nation of Islam,new jersey,Black Nationalist
Nation of Islam,delaware,Black Nationalist
Nation of Islam,north carolina,Black Nationalist
National Alliance Reform and Restoration Group,nevada,Neo-Nazi
National Alliance,west virginia,Neo-Nazi
National Alliance,tennessee,Neo-Nazi
National Alliance,new hampshire,Neo-Nazi
National Policy Institute,virginia,White Nationalist
National Socialist German Workers Party,nebraska,Neo-Nazi
National Socialist Liberation Front,alabama,Neo-Nazi
National Socialist Liberation Front,california,Neo-Nazi
National Socialist Liberation Front,pennsylvania,Neo-Nazi
National Socialist Movement,colorado,Neo-Nazi
National Socialist Movement,florida,Neo-Nazi
National Socialist Movement,illinois,Neo-Nazi
National Socialist Movement,kentucky,Neo-Nazi
National Socialist Movement,mississippi,Neo-Nazi
National Socialist Movement,pennsylvania,Neo-Nazi
National Socialist Movement,ohio,Neo-Nazi
National Socialist Movement,michigan,Neo-Nazi
National Socialist Movement,georgia,Neo-Nazi
National Socialist Movement,indiana,Neo-Nazi
National Socialist Movement,south carolina,Neo-Nazi
National Socialist Movement,oregon,Neo-Nazi
National Socialist Movement,arizona,Neo-Nazi
Nationalist Women's Front,california,Neo-Nazi
New Albion,maine,White Nationalist
New Black Panther Party for Self Defense,georgia,Black Nationalist
New Black Panther Party for Self Defense,oklahoma,Black Nationalist
New Black Panther Party for Self Defense,georgia,Black Nationalist
New Black Panther Party for Self Defense,texas,Black Nationalist
New Black Panther Party for Self Defense,florida,Black Nationalist
New Black Panther Party for Self Defense,kentucky,Black Nationalist
New Black Panther Party for Self Defense,missouri,Black Nationalist
New Black Panther Party for Self Defense,florida,Black Nationalist
New Black Panther Party for Self Defense,florida,Black Nationalist
New Black Panther Party for Self Defense,georgia,Black Nationalist
New Black Panther Party,georgia,Black Nationalist
New Black Panther Party,louisiana,Black Nationalist
New Black Panther Party,texas,Black Nationalist
New Black Panther Party,ohio,Black Nationalist
New Black Panther Party,texas,Black Nationalist
New Black Panther Party,tennessee,Black Nationalist
New Black Panther Party,louisiana,Black Nationalist
New Black Panther Party,georgia,Black Nationalist
New Black Panther Party,washington,Black Nationalist
New Black Panther Party,illinois,Black Nationalist
New Order,wisconsin,Neo-Nazi
Noble Breed Kindred,california,Neo-Nazi
Non-Universal Teaching Ministries/Christogenea,florida,Christian Identity
Nordic Order Knights of the Ku Klux Klan ,kentucky,Ku Klux Klan
North Carolina Pastors Network,north carolina,Anti-Muslim
North Carolinians for Immigration Reform and Enforcement ,north carolina,Anti-Immigrant
Northern Hammerskins,michigan,Racist Skinhead
Northwest Front,washington,White Nationalist
Northwest Hammerskins,idaho,Racist Skinhead
Northwest Hammerskins,oregon,Racist Skinhead
Northwest Hammerskins,washington,Racist Skinhead
Occidental Dissent,alabama,White Nationalist
Occidental Observer,california,White Nationalist
Occidental Quarterly/Charles Martel Society,georgia,White Nationalist
Official Street Preachers,california,General Hate
Operation Homeland,virginia,White Nationalist
Oregonians for Immigration Reform,oregon,Anti-Immigrant
Original Knight Riders Knights of the Ku Klux Klan,west virginia,Ku Klux Klan
"Original Knights of America, Knights of the Ku Klux Klan",mississippi,Ku Klux Klan
Our Place Fellowship,washington,Christian Identity
Ozark Craft LC,arkansas,General Hate
Pace Confederate Depot,mississippi,Neo-Confederate
Pacific Coast Knights of the Ku Klu Klan,michigan,Ku Klux Klan
Pacific Coast Knights of the Ku Klux Klan ,california,Ku Klux Klan
Pacific Coast Knights of the Ku Klux Klan ,washington,Ku Klux Klan
Pacific Coast Knights of the Ku Klux Klan,oregon,Ku Klux Klan
Pacific Justice Institute,california,Anti-LGBT
Pass the Salt Ministries,ohio,Anti-LGBT
Patriot Front,california,White Nationalist
Patriot Front,texas,White Nationalist
Patriot Front,washington,White Nationalist
Patriot Front,illinois,White Nationalist
Patriotic Brigade Knights of the Ku Klux Klan ,texas,Ku Klux Klan
Patriotic Flags,south carolina,White Nationalist
Pig Blood Bullets,idaho,Anti-Muslim
Pilgrims Covenant Church,wisconsin,Anti-LGBT
Pioneer Little Europe Kalispell Montana,montana,White Nationalist
Poker Face,pennsylvania,Hate Music
Political Islam,tennessee,Anti-Muslim
Power of Prophecy,texas,General Hate
ProEnglish,virginia,Anti-Immigrant
Probe Ministries,texas,Anti-LGBT
Proclaiming Justice to the Nations,tennessee,Anti-Muslim
Proud Boys,indiana,General Hate
Proud Boys,texas,General Hate
Proud Boys,new york,General Hate
Public Advocate of the United States ,virginia,Anti-LGBT
PzG Inc.,south dakota,Neo-Nazi
Racial Nationalist Party of America,new york,White Nationalist
Radio Jihad/Global Patriot Radio,new york,Anti-Muslim
Radix Journal,montana,White Nationalist
Real Republic of Florida,florida,White Nationalist
Rebel Brigade Knights True Invisible Empire,virginia,Ku Klux Klan
Red Ice,south carolina,White Nationalist
Reformation-Bible Puritan-Baptist Church/Vatican Assassins,pennsylvania,General Hate
Refugee Resettlement Watch,maryland,Anti-Muslim
Religious Freedom Coalition,district of columbia,Anti-Muslim
Rense Radio Network,oregon,General Hate
Resistance Records,illinois,Hate Music
Respect Washington,washington,Anti-Immigrant
Return of Kings,district of columbia,Male Supremacy
Revolutionary Black Panther Party,illinois,Black Nationalist
Revolutionary Black Panther Party,wisconsin,Black Nationalist
Revolutionary Black Panther Party,north carolina,Black Nationalist
Rise Above Movement,california,White Nationalist
Robert Sungenis,pennsylvania,Radical Traditional Catholicism
RootBocks,indiana,White Nationalist
Ruth Institute,louisiana,Anti-LGBT
Sacred Knights of the Ku Klux Klan,georgia,Ku Klux Klan
Sacred Truth Publishing & Ministries,tennessee,Christian Identity
Sacto Skins,california,Racist Skinhead
Samanta Roy Institute of Science and Technology,wisconsin,General Hate
San Diegans for Secure Borders,california,Anti-Immigrant
Save California,california,Anti-LGBT
Scott-Townsend Publishers,district of columbia,White Nationalist
Scriptures for America Worldwide Ministries,colorado,Christian Identity
Secure Michigan,michigan,Anti-Muslim
Sharkhunters International,florida,General Hate
Sicarii 1715,california,Black Nationalist
Sicarii 1715,california,Black Nationalist
Sicarii 1715,washington,Black Nationalist
Silver Bullet Gun Oil,virginia,Anti-Muslim
Slaves of the Immaculate Heart of Mary,new hampshire,Radical Traditional Catholicism
Soldiers of Odin ,illinois,Anti-Muslim
Soldiers of Odin ,colorado,Anti-Muslim
Soldiers of Odin ,ohio,Anti-Muslim
Soldiers of Odin,indiana,Anti-Muslim
Soldiers of Odin,north carolina,Anti-Muslim
Soldiers of Odin,tennessee,Anti-Muslim
Soldiers of Odin,texas,Anti-Muslim
Soldiers of Odin,texas,Anti-Muslim
Soldiers of Odin,texas,Anti-Muslim
Soldiers of Odin,arizona,Anti-Muslim
Soldiers of Odin,texas,Anti-Muslim
Soldiers of Odin,california,Anti-Muslim
Soldiers of Odin,texas,Anti-Muslim
Soldiers of Odin,texas,Anti-Muslim
Sons of Liberty Media (formerly You Can Run But You Cannot Hide),minnesota,General Hate
Southeast Michigan Tea Party,michigan,Anti-Muslim
Southern Future,south carolina,Neo-Confederate
Southern Ohio Knights of the Ku Klux Klan,ohio,Ku Klux Klan
Stahlhelm Records,wisconsin,Hate Music
Stedfast Baptist Church,texas,Anti-LGBT
Stedfast Baptist Church,florida,Anti-LGBT
Stormfront,florida,White Nationalist
Sunshine on Government (SONG) Alliance,georgia,Anti-Muslim
Team America Political Action Committee,colorado,Anti-Immigrant
Tennessee Eagle Forum,tennessee,Anti-Muslim
Texans for Immigration Reduction and Enforcement,texas,Anti-Immigrant
Texas Rebel Knights of the Ku Klux Klan ,texas,Ku Klux Klan
The Brother Nathanael Foundation,idaho,General Hate
The Campus Ministry USA,indiana,Anti-LGBT
The Daily Stormer,alabama,Neo-Nazi
The Daily Stormer,alaska,Neo-Nazi
The Daily Stormer,arizona,Neo-Nazi
The Daily Stormer,california,Neo-Nazi
The Daily Stormer,colorado,Neo-Nazi
The Daily Stormer,connecticut,Neo-Nazi
The Daily Stormer,florida,Neo-Nazi
The Daily Stormer,georgia,Neo-Nazi
The Daily Stormer,illinois,Neo-Nazi
The Daily Stormer,indiana,Neo-Nazi
The Daily Stormer,iowa,Neo-Nazi
The Daily Stormer,kansas,Neo-Nazi
The Daily Stormer,kentucky,Neo-Nazi
The Daily Stormer,massachusetts,Neo-Nazi
The Daily Stormer,michigan,Neo-Nazi
The Daily Stormer,minnesota,Neo-Nazi
The Daily Stormer,missouri,Neo-Nazi
The Daily Stormer,montana,Neo-Nazi
The Daily Stormer,nebraska,Neo-Nazi
The Daily Stormer,nevada,Neo-Nazi
The Daily Stormer,new jersey,Neo-Nazi
The Daily Stormer,new york,Neo-Nazi
The Daily Stormer,north carolina,Neo-Nazi
The Daily Stormer,oregon,Neo-Nazi
The Daily Stormer,pennsylvania,Neo-Nazi
The Daily Stormer,south carolina,Neo-Nazi
The Daily Stormer,texas,Neo-Nazi
The Daily Stormer,utah,Neo-Nazi
The Daily Stormer,vermont,Neo-Nazi
The Daily Stormer,virginia,Neo-Nazi
The Daily Stormer,washington,Neo-Nazi
The Daily Stormer,ohio,Neo-Nazi
The Dustin Inman Society,georgia,Anti-Immigrant
The Fatima Crusader/International Fatima Rosary Crusade,new york,Radical Traditional Catholicism
The Fitzgerald Griffin Foundation,virginia,White Nationalist
The Gallowglasses Fight Club,tennessee,Neo-Volkisch
The New Byzantium Project,virginia,White Nationalist
The Political Cesspool,tennessee,White Nationalist
The Pray in Jesus Name Project,colorado,Anti-LGBT
The Realist Report,california,Holocaust Denial
The Remembrance Project,district of columbia,Anti-Immigrant
The Remnant/The Remnant Press,minnesota,Radical Traditional Catholicism
The Right Stuff,arizona,White Nationalist
The Right Stuff,california,White Nationalist
The Right Stuff,florida,White Nationalist
The Right Stuff,indiana,White Nationalist
The Right Stuff,michigan,White Nationalist
The Right Stuff,oregon,White Nationalist
The Right Stuff,texas,White Nationalist
The Right Stuff,vermont,White Nationalist
The Right Stuff,virginia,White Nationalist
The Right Stuff,washington,White Nationalist
The Right Stuff,georgia,White Nationalist
The Right Stuff,texas,White Nationalist
The Right Stuff,maryland,White Nationalist
The Right Stuff,new york,White Nationalist
The Right Stuff,texas,White Nationalist
The Right Stuff,nevada,White Nationalist
The Right Stuff,new york,White Nationalist
The Right Stuff,nebraska,White Nationalist
The Right Stuff,pennsylvania,White Nationalist
The Right Stuff,minnesota,White Nationalist
The Right Stuff,district of columbia,White Nationalist
The Shoebat Foundation,pennsylvania,Anti-Muslim
The Social Contract Press,michigan,White Nationalist
The Straight Way and More,florida,Anti-Muslim
The United West,florida,Anti-Muslim
The Varangians Fight Club,tennessee,Neo-Volkisch
Third Reich Books,nebraska,Neo-Nazi
Tightrope,arkansas,Hate Music
Tom Brown Ministries,texas,Anti-LGBT
Tony Alamo Christian Ministries,california,General Hate
Tony Alamo Christian Ministries,new york,General Hate
Tradition in Action,california,Radical Traditional Catholicism
Traditional Values Coalition,california,Anti-LGBT
Traditional Values Coalition,district of columbia,Anti-LGBT
Traditionalist American Knights of the Ku Klux Klan ,idaho,Ku Klux Klan
Traditionalist American Knights of the Ku Klux Klan ,pennsylvania,Ku Klux Klan
Traditionalist American Knights of the Ku Klux Klan,florida,Ku Klux Klan
Traditionalist American Knights of the Ku Klux Klan,maine,Ku Klux Klan
Traditionalist American Knights of the Ku Klux Klan,south dakota,Ku Klux Klan
Traditionalist Worker Party,alabama,Neo-Nazi
Traditionalist Worker Party,indiana,Neo-Nazi
Traditionalist Worker Party,north carolina,Neo-Nazi
Traditionalist Worker Party,ohio,Neo-Nazi
Traditionalist Worker Party,rhode island,Neo-Nazi
Traditionalist Worker Party,tennessee,Neo-Nazi
Traditionalist Worker Party,texas,Neo-Nazi
Traditionalist Worker Party,virginia,Neo-Nazi
Traditionalist Youth Network,indiana,White Nationalist
True Cascadia,alaska,White Nationalist
True Cascadia,idaho,White Nationalist
True Cascadia,oregon,White Nationalist
True Cascadia,washington,White Nationalist
True Light Pentecost Church,south carolina,Anti-LGBT
Truth in History,oklahoma,Christian Identity
Truth in Love Project,washington,Anti-Muslim
Truth in Textbooks,texas,Anti-Muslim
Tyr 1 Security,virginia,White Nationalist
US Border Guard,arizona,Anti-Immigrant
Unconstrained Analytics,district of columbia,Anti-Muslim
Understanding the Threat,texas,Anti-Muslim
United Dixie White Knights of the Ku Klux Klan,alabama,Ku Klux Klan
United Dixie White Knights of the Ku Klux Klan,mississippi,Ku Klux Klan
United Families International,arizona,Anti-LGBT
United Kingdom of Israel Congregation,illinois,Black Nationalist
United Kingdom of Israel Congregation,virginia,Black Nationalist
United Klans of America ,pennsylvania,Ku Klux Klan
United Klans of America ,tennessee,Ku Klux Klan
United Klans of America,alabama,Ku Klux Klan
United Northern and Southern Knights of the Ku Klux Klan,indiana,Ku Klux Klan
United Northern and Southern Knights of the Ku Klux Klan,georgia,Ku Klux Klan
United Nuwaubian Nation of Moors/All Eyes on Egipt,connecticut,Black Nationalist
United Nuwaubian Nation of Moors/All Eyes on Egipt,georgia,Black Nationalist
United Riot Records,new york,Hate Music
United White Knights of the Ku Klux Klan,texas,Ku Klux Klan
VDARE Foundation,virginia,White Nationalist
Vanguard America,florida,Neo-Nazi
Vanguard America,georgia,Neo-Nazi
Vanguard America,illinois,Neo-Nazi
Vanguard America,indiana,Neo-Nazi
Vanguard America,louisiana,Neo-Nazi
Vanguard America,maryland,Neo-Nazi
Vanguard America,massachusetts,Neo-Nazi
Vanguard America,michigan,Neo-Nazi
Vanguard America,nebraska,Neo-Nazi
Vanguard America,nevada,Neo-Nazi
Vanguard America,new hampshire,Neo-Nazi
Vanguard America,new jersey,Neo-Nazi
Vanguard America,new york,Neo-Nazi
Vanguard America,north carolina,Neo-Nazi
Vanguard America,ohio,Neo-Nazi
Vanguard America,oklahoma,Neo-Nazi
Vanguard America,oregon,Neo-Nazi
Vanguard America,pennsylvania,Neo-Nazi
Vanguard America,rhode island,Neo-Nazi
Vanguard America,texas,Neo-Nazi
Vanguard America,virginia,Neo-Nazi
Vanguard America,washington,Neo-Nazi
Vanguard America,west virginia,Neo-Nazi
Vanguard America,wyoming,Neo-Nazi
Vanguard America,connecticut,Neo-Nazi
Vanguard News Network,missouri,Neo-Nazi
Verity Baptist Church,california,Anti-LGBT
Verity Baptist Church,washington,Anti-LGBT
Vinlanders Social Club,arizona,Racist Skinhead
Vinlanders Social Club,california,Racist Skinhead
Vinlanders Social Club,florida,Racist Skinhead
Vinlanders Social Club,indiana,Racist Skinhead
Vinlanders Social Club,minnesota,Racist Skinhead
Vinlanders Social Club,north carolina,Racist Skinhead
Vinlanders Social Club,texas,Racist Skinhead
Virginia Christian Alliance ,maryland,Anti-Muslim
War on The Horizon,district of columbia,Black Nationalist
Warrior's Pride Clothing,california,Racist Skinhead
Washington Summit Publishers,georgia,White Nationalist
WeSearchr,california,White Nationalist
Westboro Baptist Church,kansas,Anti-LGBT
Western Hammerskins,california,Racist Skinhead
Western Outlands Supply Company,arizona,White Nationalist
White Aryan Resistance,california,Neo-Nazi
White Boy Society,illinois,White Nationalist
White Devil Social Club,wisconsin,Neo-Nazi
White Knights of the Ku Klux Klan of America,mississippi,Ku Klux Klan
White Knights of the Ku Klux Klan of America,washington,Ku Klux Klan
White Rabbit Radio,michigan,White Nationalist
Wolf Age,california,Neo-Volkisch
Wolf Tyr Productions,new york,Hate Music
Wolfhook Life Clothing,indiana,Neo-Nazi
Wolves of Vinland,colorado,Neo-Volkisch
Wolves of Vinland,oregon,Neo-Volkisch
Wolves of Vinland,tennessee,Neo-Volkisch
Wolves of Vinland,washington,Neo-Volkisch
Wolves of Vinland,virginia,Neo-Volkisch
Women for Aryan Unity,ohio,Neo-Nazi
Women for Aryan Unity,wisconsin,Neo-Nazi
World Congress of Families/International Organization for the Family,illinois,Anti-LGBT
Yahushua Dual Seed Christian Identity Ministry,texas,Christian Identity
Yahweh's Truth,michigan,Christian Identity
a2z Publications,nevada,General Hate
carolynyeager.net,texas,Holocaust Denial
oneBody in Yahawashi,texas,Black Nationalist